player_id,display_name,normalized_name,birth_date,age,nationality_id,primary_position,secondary_position,dominant_foot,height_cm,current_team_id,status,priority_manual,potential,source,phone,email,test_sheet,entry_date,entry_age,tags,general_notes,created_at
PLY0001,James Trafford,james trafford,,23,CTY0002,POR,,,,TEA0001,Seguir,,Alto,Dataset inicial,,,,,23,"Sub-23, Man City",Jugador precargado como semilla de dataset 2025/26; revisar y completar tras observación propia.,2026-06-02 00:00:00
PLY0002,Stefan Ortega,stefan ortega,,33,CTY0004,POR,,,,TEA0001,Seguir,,Medio-alto,Dataset inicial,,,,,33,Man City,Jugador precargado como semilla de dataset 2025/26; revisar y completar tras observación propia.,2026-06-02 00:00:00
PLY0003,Rayan Ait-Nouri,rayan ait-nouri,,24,CTY0024,LI,,,,TEA0001,Seguir,,Medio-alto,Dataset inicial,,,,,24,Man City,Jugador precargado como semilla de dataset 2025/26; revisar y completar tras observación propia.,2026-06-02 00:00:00
PLY0004,Manuel Akanji,manuel akanji,,30,CTY0017,DFC,,,,TEA0001,Seguir,,Medio-alto,Dataset inicial,,,,,30,Man City,Jugador precargado como semilla de dataset 2025/26; revisar y completar tras observación propia.,2026-06-02 00:00:00
PLY0005,Nathan Aké,nathan ake,,31,CTY0007,DFC,,,,TEA0001,Seguir,,Medio-alto,Dataset inicial,,,,,31,Man City,Jugador precargado como semilla de dataset 2025/26; revisar y completar tras observación propia.,2026-06-02 00:00:00
PLY0006,Rúben Dias,ruben dias,,29,CTY0006,DFC,,,,TEA0001,Seguir,,Medio-alto,Dataset inicial,,,,,29,Man City,Jugador precargado como semilla de dataset 2025/26; revisar y completar tras observación propia.,2026-06-02 00:00:00
PLY0007,Joško Gvardiol,josko gvardiol,,24,CTY0012,DFC,,,,TEA0001,Seguir,,Medio-alto,Dataset inicial,,,,,24,Man City,Jugador precargado como semilla de dataset 2025/26; revisar y completar tras observación propia.,2026-06-02 00:00:00
PLY0008,John Stones,john stones,,32,CTY0002,DFC,,,,TEA0001,Seguir,,Medio-alto,Dataset inicial,,,,,32,Man City,Jugador precargado como semilla de dataset 2025/26; revisar y completar tras observación propia.,2026-06-02 00:00:00
PLY0009,Rico Lewis,rico lewis,,21,CTY0002,LD,,,,TEA0001,Seguir,,Alto,Dataset inicial,,,,,21,"Sub-23, Man City",Jugador precargado como semilla de dataset 2025/26; revisar y completar tras observación propia.,2026-06-02 00:00:00
PLY0010,Abdukodir Khusanov,abdukodir khusanov,,22,CTY0052,DFC,,,,TEA0001,Seguir,,Alto,Dataset inicial,,,,,22,"Sub-23, Man City",Jugador precargado como semilla de dataset 2025/26; revisar y completar tras observación propia.,2026-06-02 00:00:00
PLY0011,Rodri,rodri,,29,CTY0001,MCD,,,,TEA0001,Seguir,,Medio-alto,Dataset inicial,,,,,29,"centrocampista, Man City",Jugador precargado como semilla de dataset 2025/26; revisar y completar tras observación propia.,2026-06-02 00:00:00
PLY0012,Mateo Kovacic,mateo kovacic,,32,CTY0012,MC,,,,TEA0001,Seguir,,Medio-alto,Dataset inicial,,,,,32,"centrocampista, Man City",Jugador precargado como semilla de dataset 2025/26; revisar y completar tras observación propia.,2026-06-02 00:00:00
PLY0013,Bernardo Silva,bernardo silva,,31,CTY0006,MP,,,,TEA0001,Seguir,,Medio-alto,Dataset inicial,,,,,31,"centrocampista, Man City",Jugador precargado como semilla de dataset 2025/26; revisar y completar tras observación propia.,2026-06-02 00:00:00
PLY0014,Phil Foden,phil foden,,26,CTY0002,MP,,,,TEA0001,Seguir,,Medio-alto,Dataset inicial,,,,,26,"centrocampista, Man City",Jugador precargado como semilla de dataset 2025/26; revisar y completar tras observación propia.,2026-06-02 00:00:00
PLY0015,Tijjani Reijnders,tijjani reijnders,,27,CTY0007,MC,,,,TEA0001,Seguir,,Medio-alto,Dataset inicial,,,,,27,"centrocampista, Man City",Jugador precargado como semilla de dataset 2025/26; revisar y completar tras observación propia.,2026-06-02 00:00:00
PLY0016,Nico O’Reilly,nico o reilly,,21,CTY0002,MC,,,,TEA0001,Seguir,,Alto,Dataset inicial,,,,,21,"Sub-23, centrocampista, Man City",Jugador precargado como semilla de dataset 2025/26; revisar y completar tras observación propia.,2026-06-02 00:00:00
PLY0017,Savinho,savinho,,22,CTY0010,ED,,,,TEA0001,Seguir,,Alto,Dataset inicial,,,,,22,"Sub-23, último tercio, Man City",Jugador precargado como semilla de dataset 2025/26; revisar y completar tras observación propia.,2026-06-02 00:00:00
PLY0018,Jérémy Doku,jeremy doku,,24,CTY0008,EI,,,,TEA0001,Seguir,,Medio-alto,Dataset inicial,,,,,24,"último tercio, Man City",Jugador precargado como semilla de dataset 2025/26; revisar y completar tras observación propia.,2026-06-02 00:00:00
PLY0019,Oscar Bobb,oscar bobb,,22,CTY0014,ED,,,,TEA0001,Seguir,,Alto,Dataset inicial,,,,,22,"Sub-23, último tercio, Man City",Jugador precargado como semilla de dataset 2025/26; revisar y completar tras observación propia.,2026-06-02 00:00:00
PLY0020,Claudio Echeverri,claudio echeverri,,20,CTY0009,MP,,,,TEA0001,Seguir,,Alto,Dataset inicial,,,,,20,"Sub-23, centrocampista, Man City",Jugador precargado como semilla de dataset 2025/26; revisar y completar tras observación propia.,2026-06-02 00:00:00
PLY0021,Omar Marmoush,omar marmoush,,27,CTY0025,DC,,,,TEA0001,Seguir,,Medio-alto,Dataset inicial,,,,,27,"último tercio, Man City",Jugador precargado como semilla de dataset 2025/26; revisar y completar tras observación propia.,2026-06-02 00:00:00
PLY0022,Erling Haaland,erling haaland,,25,CTY0014,DC,,,,TEA0001,Seguir,,Alto,Dataset inicial,,,,,25,"último tercio, Man City",Jugador precargado como semilla de dataset 2025/26; revisar y completar tras observación propia.,2026-06-02 00:00:00
PLY0023,David Raya,david raya,,30,CTY0001,POR,,,,TEA0002,Seguir,,Medio-alto,Dataset inicial,,,,,30,,Jugador precargado como semilla de dataset 2025/26; revisar y completar tras observación propia.,2026-06-02 00:00:00
PLY0024,William Saliba,william saliba,,25,CTY0005,DFC,,,,TEA0002,Seguir,,Medio-alto,Dataset inicial,,,,,25,,Jugador precargado como semilla de dataset 2025/26; revisar y completar tras observación propia.,2026-06-02 00:00:00
PLY0025,Gabriel Magalhães,gabriel magalhaes,,28,CTY0010,DFC,,,,TEA0002,Seguir,,Medio-alto,Dataset inicial,,,,,28,,Jugador precargado como semilla de dataset 2025/26; revisar y completar tras observación propia.,2026-06-02 00:00:00
PLY0026,Jurrien Timber,jurrien timber,,25,CTY0007,LD,,,,TEA0002,Seguir,,Medio-alto,Dataset inicial,,,,,25,,Jugador precargado como semilla de dataset 2025/26; revisar y completar tras observación propia.,2026-06-02 00:00:00
PLY0027,Riccardo Calafiori,riccardo calafiori,,24,CTY0003,LI,,,,TEA0002,Seguir,,Medio-alto,Dataset inicial,,,,,24,,Jugador precargado como semilla de dataset 2025/26; revisar y completar tras observación propia.,2026-06-02 00:00:00
PLY0028,Declan Rice,declan rice,,27,CTY0002,MCD,,,,TEA0002,Seguir,,Medio-alto,Dataset inicial,,,,,27,centrocampista,Jugador precargado como semilla de dataset 2025/26; revisar y completar tras observación propia.,2026-06-02 00:00:00
PLY0029,Martin Zubimendi,martin zubimendi,,27,CTY0001,MCD,,,,TEA0002,Seguir,,Medio-alto,Dataset inicial,,,,,27,centrocampista,Jugador precargado como semilla de dataset 2025/26; revisar y completar tras observación propia.,2026-06-02 00:00:00
PLY0030,Martin Ødegaard,martin degaard,,27,CTY0014,MP,,,,TEA0002,Seguir,,Medio-alto,Dataset inicial,,,,,27,centrocampista,Jugador precargado como semilla de dataset 2025/26; revisar y completar tras observación propia.,2026-06-02 00:00:00
PLY0031,Bukayo Saka,bukayo saka,,24,CTY0002,ED,,,,TEA0002,Seguir,,Alto,Dataset inicial,,,,,24,último tercio,Jugador precargado como semilla de dataset 2025/26; revisar y completar tras observación propia.,2026-06-02 00:00:00
PLY0032,Eberechi Eze,eberechi eze,,27,CTY0002,MP,,,,TEA0002,Seguir,,Medio-alto,Dataset inicial,,,,,27,centrocampista,Jugador precargado como semilla de dataset 2025/26; revisar y completar tras observación propia.,2026-06-02 00:00:00
PLY0033,Viktor Gyökeres,viktor gyokeres,,28,CTY0015,DC,,,,TEA0002,Seguir,,Medio-alto,Dataset inicial,,,,,28,último tercio,Jugador precargado como semilla de dataset 2025/26; revisar y completar tras observación propia.,2026-06-02 00:00:00
PLY0034,Gabriel Martinelli,gabriel martinelli,,24,CTY0010,EI,,,,TEA0002,Seguir,,Medio-alto,Dataset inicial,,,,,24,último tercio,Jugador precargado como semilla de dataset 2025/26; revisar y completar tras observación propia.,2026-06-02 00:00:00
PLY0035,Alisson Becker,alisson becker,,33,CTY0010,POR,,,,TEA0004,Seguir,,Medio-alto,Dataset inicial,,,,,33,,Jugador precargado como semilla de dataset 2025/26; revisar y completar tras observación propia.,2026-06-02 00:00:00
PLY0036,Virgil van Dijk,virgil van dijk,,34,CTY0007,DFC,,,,TEA0004,Seguir,,Medio-alto,Dataset inicial,,,,,34,,Jugador precargado como semilla de dataset 2025/26; revisar y completar tras observación propia.,2026-06-02 00:00:00
PLY0037,Ibrahima Konaté,ibrahima konate,,27,CTY0005,DFC,,,,TEA0004,Seguir,,Medio-alto,Dataset inicial,,,,,27,,Jugador precargado como semilla de dataset 2025/26; revisar y completar tras observación propia.,2026-06-02 00:00:00
PLY0038,Trent Alexander-Arnold,trent alexander-arnold,,27,CTY0002,LD,,,,TEA0004,Seguir,,Medio-alto,Dataset inicial,,,,,27,,Jugador precargado como semilla de dataset 2025/26; revisar y completar tras observación propia.,2026-06-02 00:00:00
PLY0039,Andrew Robertson,andrew robertson,,32,CTY0041,LI,,,,TEA0004,Seguir,,Medio-alto,Dataset inicial,,,,,32,,Jugador precargado como semilla de dataset 2025/26; revisar y completar tras observación propia.,2026-06-02 00:00:00
PLY0040,Alexis Mac Allister,alexis mac allister,,27,CTY0009,MC,,,,TEA0004,Seguir,,Medio-alto,Dataset inicial,,,,,27,centrocampista,Jugador precargado como semilla de dataset 2025/26; revisar y completar tras observación propia.,2026-06-02 00:00:00
PLY0041,Dominik Szoboszlai,dominik szoboszlai,,25,CTY0043,MP,,,,TEA0004,Seguir,,Medio-alto,Dataset inicial,,,,,25,centrocampista,Jugador precargado como semilla de dataset 2025/26; revisar y completar tras observación propia.,2026-06-02 00:00:00
PLY0042,Ryan Gravenberch,ryan gravenberch,,24,CTY0007,MC,,,,TEA0004,Seguir,,Medio-alto,Dataset inicial,,,,,24,centrocampista,Jugador precargado como semilla de dataset 2025/26; revisar y completar tras observación propia.,2026-06-02 00:00:00
PLY0043,Mohamed Salah,mohamed salah,,33,CTY0025,ED,,,,TEA0004,Seguir,,Medio-alto,Dataset inicial,,,,,33,último tercio,Jugador precargado como semilla de dataset 2025/26; revisar y completar tras observación propia.,2026-06-02 00:00:00
PLY0044,Luis Díaz,luis diaz,,29,CTY0033,EI,,,,TEA0004,Seguir,,Medio-alto,Dataset inicial,,,,,29,último tercio,Jugador precargado como semilla de dataset 2025/26; revisar y completar tras observación propia.,2026-06-02 00:00:00
PLY0045,Darwin Núñez,darwin nunez,,26,CTY0011,DC,,,,TEA0004,Seguir,,Medio-alto,Dataset inicial,,,,,26,último tercio,Jugador precargado como semilla de dataset 2025/26; revisar y completar tras observación propia.,2026-06-02 00:00:00
PLY0046,Cody Gakpo,cody gakpo,,27,CTY0007,EI,,,,TEA0004,Seguir,,Medio-alto,Dataset inicial,,,,,27,último tercio,Jugador precargado como semilla de dataset 2025/26; revisar y completar tras observación propia.,2026-06-02 00:00:00
PLY0047,Robert Sánchez,robert sanchez,,28,CTY0001,POR,,,,TEA0003,Seguir,,Medio-alto,Dataset inicial,,,,,28,,Jugador precargado como semilla de dataset 2025/26; revisar y completar tras observación propia.,2026-06-02 00:00:00
PLY0048,Reece James,reece james,,26,CTY0002,LD,,,,TEA0003,Seguir,,Medio-alto,Dataset inicial,,,,,26,,Jugador precargado como semilla de dataset 2025/26; revisar y completar tras observación propia.,2026-06-02 00:00:00
PLY0049,Levi Colwill,levi colwill,,23,CTY0002,DFC,,,,TEA0003,Seguir,,Alto,Dataset inicial,,,,,23,Sub-23,Jugador precargado como semilla de dataset 2025/26; revisar y completar tras observación propia.,2026-06-02 00:00:00
PLY0050,Malo Gusto,malo gusto,,23,CTY0005,LD,,,,TEA0003,Seguir,,Alto,Dataset inicial,,,,,23,Sub-23,Jugador precargado como semilla de dataset 2025/26; revisar y completar tras observación propia.,2026-06-02 00:00:00
PLY0051,Marc Cucurella,marc cucurella,,27,CTY0001,LI,,,,TEA0003,Seguir,,Medio-alto,Dataset inicial,,,,,27,,Jugador precargado como semilla de dataset 2025/26; revisar y completar tras observación propia.,2026-06-02 00:00:00
PLY0052,Moisés Caicedo,moises caicedo,,24,CTY0034,MCD,,,,TEA0003,Seguir,,Medio-alto,Dataset inicial,,,,,24,centrocampista,Jugador precargado como semilla de dataset 2025/26; revisar y completar tras observación propia.,2026-06-02 00:00:00
PLY0053,Enzo Fernández,enzo fernandez,,25,CTY0009,MC,,,,TEA0003,Seguir,,Medio-alto,Dataset inicial,,,,,25,centrocampista,Jugador precargado como semilla de dataset 2025/26; revisar y completar tras observación propia.,2026-06-02 00:00:00
PLY0054,Cole Palmer,cole palmer,,24,CTY0002,MP,,,,TEA0003,Seguir,,Medio-alto,Dataset inicial,,,,,24,centrocampista,Jugador precargado como semilla de dataset 2025/26; revisar y completar tras observación propia.,2026-06-02 00:00:00
PLY0055,Pedro Neto,pedro neto,,26,CTY0006,ED,,,,TEA0003,Seguir,,Medio-alto,Dataset inicial,,,,,26,último tercio,Jugador precargado como semilla de dataset 2025/26; revisar y completar tras observación propia.,2026-06-02 00:00:00
PLY0056,Nicolas Jackson,nicolas jackson,,25,CTY0021,DC,,,,TEA0003,Seguir,,Medio-alto,Dataset inicial,,,,,25,último tercio,Jugador precargado como semilla de dataset 2025/26; revisar y completar tras observación propia.,2026-06-02 00:00:00
PLY0057,Christopher Nkunku,christopher nkunku,,28,CTY0005,MP,,,,TEA0003,Seguir,,Medio-alto,Dataset inicial,,,,,28,centrocampista,Jugador precargado como semilla de dataset 2025/26; revisar y completar tras observación propia.,2026-06-02 00:00:00
PLY0058,João Pedro,joao pedro,,24,CTY0010,DC,,,,TEA0003,Seguir,,Medio-alto,Dataset inicial,,,,,24,último tercio,Jugador precargado como semilla de dataset 2025/26; revisar y completar tras observación propia.,2026-06-02 00:00:00
PLY0059,Guglielmo Vicario,guglielmo vicario,,29,CTY0003,POR,,,,TEA0005,Seguir,,Medio-alto,Dataset inicial,,,,,29,,Jugador precargado como semilla de dataset 2025/26; revisar y completar tras observación propia.,2026-06-02 00:00:00
PLY0060,Cristian Romero,cristian romero,,28,CTY0009,DFC,,,,TEA0005,Seguir,,Medio-alto,Dataset inicial,,,,,28,,Jugador precargado como semilla de dataset 2025/26; revisar y completar tras observación propia.,2026-06-02 00:00:00
PLY0061,Micky van de Ven,micky van de ven,,25,CTY0007,DFC,,,,TEA0005,Seguir,,Medio-alto,Dataset inicial,,,,,25,,Jugador precargado como semilla de dataset 2025/26; revisar y completar tras observación propia.,2026-06-02 00:00:00
PLY0062,Pedro Porro,pedro porro,,26,CTY0001,LD,,,,TEA0005,Seguir,,Medio-alto,Dataset inicial,,,,,26,,Jugador precargado como semilla de dataset 2025/26; revisar y completar tras observación propia.,2026-06-02 00:00:00
PLY0063,Destiny Udogie,destiny udogie,,23,CTY0003,LI,,,,TEA0005,Seguir,,Alto,Dataset inicial,,,,,23,Sub-23,Jugador precargado como semilla de dataset 2025/26; revisar y completar tras observación propia.,2026-06-02 00:00:00
PLY0064,Pape Matar Sarr,pape matar sarr,,23,CTY0021,MC,,,,TEA0005,Seguir,,Alto,Dataset inicial,,,,,23,"Sub-23, centrocampista",Jugador precargado como semilla de dataset 2025/26; revisar y completar tras observación propia.,2026-06-02 00:00:00
PLY0065,Rodrigo Bentancur,rodrigo bentancur,,28,CTY0011,MC,,,,TEA0005,Seguir,,Medio-alto,Dataset inicial,,,,,28,centrocampista,Jugador precargado como semilla de dataset 2025/26; revisar y completar tras observación propia.,2026-06-02 00:00:00
PLY0066,James Maddison,james maddison,,29,CTY0002,MP,,,,TEA0005,Seguir,,Medio-alto,Dataset inicial,,,,,29,centrocampista,Jugador precargado como semilla de dataset 2025/26; revisar y completar tras observación propia.,2026-06-02 00:00:00
PLY0067,Dejan Kulusevski,dejan kulusevski,,26,CTY0015,ED,,,,TEA0005,Seguir,,Medio-alto,Dataset inicial,,,,,26,último tercio,Jugador precargado como semilla de dataset 2025/26; revisar y completar tras observación propia.,2026-06-02 00:00:00
PLY0068,Son Heung-min,son heung-min,,33,CTY0032,EI,,,,TEA0005,Seguir,,Medio-alto,Dataset inicial,,,,,33,último tercio,Jugador precargado como semilla de dataset 2025/26; revisar y completar tras observación propia.,2026-06-02 00:00:00
PLY0069,Richarlison,richarlison,,29,CTY0010,DC,,,,TEA0005,Seguir,,Medio-alto,Dataset inicial,,,,,29,último tercio,Jugador precargado como semilla de dataset 2025/26; revisar y completar tras observación propia.,2026-06-02 00:00:00
PLY0070,Brennan Johnson,brennan johnson,,25,CTY0042,ED,,,,TEA0005,Seguir,,Medio-alto,Dataset inicial,,,,,25,último tercio,Jugador precargado como semilla de dataset 2025/26; revisar y completar tras observación propia.,2026-06-02 00:00:00
PLY0071,André Onana,andre onana,,30,CTY0037,POR,,,,TEA0006,Seguir,,Medio-alto,Dataset inicial,,,,,30,,Jugador precargado como semilla de dataset 2025/26; revisar y completar tras observación propia.,2026-06-02 00:00:00
PLY0072,Lisandro Martínez,lisandro martinez,,28,CTY0009,DFC,,,,TEA0006,Seguir,,Medio-alto,Dataset inicial,,,,,28,,Jugador precargado como semilla de dataset 2025/26; revisar y completar tras observación propia.,2026-06-02 00:00:00
PLY0073,Leny Yoro,leny yoro,,20,CTY0005,DFC,,,,TEA0006,Seguir,,Alto,Dataset inicial,,,,,20,Sub-23,Jugador precargado como semilla de dataset 2025/26; revisar y completar tras observación propia.,2026-06-02 00:00:00
PLY0074,Matthijs de Ligt,matthijs de ligt,,26,CTY0007,DFC,,,,TEA0006,Seguir,,Medio-alto,Dataset inicial,,,,,26,,Jugador precargado como semilla de dataset 2025/26; revisar y completar tras observación propia.,2026-06-02 00:00:00
PLY0075,Diogo Dalot,diogo dalot,,27,CTY0006,LD,,,,TEA0006,Seguir,,Medio-alto,Dataset inicial,,,,,27,,Jugador precargado como semilla de dataset 2025/26; revisar y completar tras observación propia.,2026-06-02 00:00:00
PLY0076,Bruno Fernandes,bruno fernandes,,31,CTY0006,MP,,,,TEA0006,Seguir,,Medio-alto,Dataset inicial,,,,,31,centrocampista,Jugador precargado como semilla de dataset 2025/26; revisar y completar tras observación propia.,2026-06-02 00:00:00
PLY0077,Kobbie Mainoo,kobbie mainoo,,21,CTY0002,MC,,,,TEA0006,Seguir,,Alto,Dataset inicial,,,,,21,"Sub-23, centrocampista",Jugador precargado como semilla de dataset 2025/26; revisar y completar tras observación propia.,2026-06-02 00:00:00
PLY0078,Manuel Ugarte,manuel ugarte,,25,CTY0011,MCD,,,,TEA0006,Seguir,,Medio-alto,Dataset inicial,,,,,25,centrocampista,Jugador precargado como semilla de dataset 2025/26; revisar y completar tras observación propia.,2026-06-02 00:00:00
PLY0079,Alejandro Garnacho,alejandro garnacho,,21,CTY0009,EI,,,,TEA0006,Seguir,,Alto,Dataset inicial,,,,,21,"Sub-23, último tercio",Jugador precargado como semilla de dataset 2025/26; revisar y completar tras observación propia.,2026-06-02 00:00:00
PLY0080,Amad Diallo,amad diallo,,23,CTY0020,ED,,,,TEA0006,Seguir,,Alto,Dataset inicial,,,,,23,"Sub-23, último tercio",Jugador precargado como semilla de dataset 2025/26; revisar y completar tras observación propia.,2026-06-02 00:00:00
PLY0081,Rasmus Højlund,rasmus h jlund,,23,CTY0016,DC,,,,TEA0006,Seguir,,Alto,Dataset inicial,,,,,23,"Sub-23, último tercio",Jugador precargado como semilla de dataset 2025/26; revisar y completar tras observación propia.,2026-06-02 00:00:00
PLY0082,Joshua Zirkzee,joshua zirkzee,,25,CTY0007,DC,,,,TEA0006,Seguir,,Medio-alto,Dataset inicial,,,,,25,último tercio,Jugador precargado como semilla de dataset 2025/26; revisar y completar tras observación propia.,2026-06-02 00:00:00
PLY0083,Thibaut Courtois,thibaut courtois,,34,CTY0008,POR,,,,TEA0059,Seguir,,Medio-alto,Dataset inicial,,,,,34,,Jugador precargado como semilla de dataset 2025/26; revisar y completar tras observación propia.,2026-06-02 00:00:00
PLY0084,Éder Militão,eder militao,,28,CTY0010,DFC,,,,TEA0059,Seguir,,Medio-alto,Dataset inicial,,,,,28,,Jugador precargado como semilla de dataset 2025/26; revisar y completar tras observación propia.,2026-06-02 00:00:00
PLY0085,Antonio Rüdiger,antonio rudiger,,33,CTY0004,DFC,,,,TEA0059,Seguir,,Medio-alto,Dataset inicial,,,,,33,,Jugador precargado como semilla de dataset 2025/26; revisar y completar tras observación propia.,2026-06-02 00:00:00
PLY0086,Ferland Mendy,ferland mendy,,31,CTY0005,LI,,,,TEA0059,Seguir,,Medio-alto,Dataset inicial,,,,,31,,Jugador precargado como semilla de dataset 2025/26; revisar y completar tras observación propia.,2026-06-02 00:00:00
PLY0087,Dani Carvajal,dani carvajal,,34,CTY0001,LD,,,,TEA0059,Seguir,,Medio-alto,Dataset inicial,,,,,34,,Jugador precargado como semilla de dataset 2025/26; revisar y completar tras observación propia.,2026-06-02 00:00:00
PLY0088,Aurélien Tchouaméni,aurelien tchouameni,,26,CTY0005,MCD,,,,TEA0059,Seguir,,Medio-alto,Dataset inicial,,,,,26,centrocampista,Jugador precargado como semilla de dataset 2025/26; revisar y completar tras observación propia.,2026-06-02 00:00:00
PLY0089,Federico Valverde,federico valverde,,27,CTY0011,MC,,,,TEA0059,Seguir,,Medio-alto,Dataset inicial,,,,,27,centrocampista,Jugador precargado como semilla de dataset 2025/26; revisar y completar tras observación propia.,2026-06-02 00:00:00
PLY0090,Eduardo Camavinga,eduardo camavinga,,23,CTY0005,MC,,,,TEA0059,Seguir,,Alto,Dataset inicial,,,,,23,"Sub-23, centrocampista",Jugador precargado como semilla de dataset 2025/26; revisar y completar tras observación propia.,2026-06-02 00:00:00
PLY0091,Jude Bellingham,jude bellingham,,22,CTY0002,MP,,,,TEA0059,Seguir,,Alto,Dataset inicial,,,,,22,"Sub-23, centrocampista",Jugador precargado como semilla de dataset 2025/26; revisar y completar tras observación propia.,2026-06-02 00:00:00
PLY0092,Vinícius Júnior,vinicius junior,,25,CTY0010,EI,,,,TEA0059,Seguir,,Alto,Dataset inicial,,,,,25,último tercio,Jugador precargado como semilla de dataset 2025/26; revisar y completar tras observación propia.,2026-06-02 00:00:00
PLY0093,Rodrygo,rodrygo,,25,CTY0010,ED,,,,TEA0059,Seguir,,Medio-alto,Dataset inicial,,,,,25,último tercio,Jugador precargado como semilla de dataset 2025/26; revisar y completar tras observación propia.,2026-06-02 00:00:00
PLY0094,Kylian Mbappé,kylian mbappe,,27,CTY0005,DC,,,,TEA0059,Seguir,,Alto,Dataset inicial,,,,,27,último tercio,Jugador precargado como semilla de dataset 2025/26; revisar y completar tras observación propia.,2026-06-02 00:00:00
PLY0095,Endrick,endrick,,19,CTY0010,DC,,,,TEA0059,Seguir,,Alto,Dataset inicial,,,,,19,"Sub-23, último tercio",Jugador precargado como semilla de dataset 2025/26; revisar y completar tras observación propia.,2026-06-02 00:00:00
PLY0096,Arda Güler,arda guler,,21,CTY0026,MP,,,,TEA0059,Seguir,,Alto,Dataset inicial,,,,,21,"Sub-23, centrocampista",Jugador precargado como semilla de dataset 2025/26; revisar y completar tras observación propia.,2026-06-02 00:00:00
PLY0097,Marc-André ter Stegen,marc-andre ter stegen,,34,CTY0004,POR,,,,TEA0051,Seguir,,Medio-alto,Dataset inicial,,,,,34,,Jugador precargado como semilla de dataset 2025/26; revisar y completar tras observación propia.,2026-06-02 00:00:00
PLY0098,Pau Cubarsí,pau cubarsi,,19,CTY0001,DFC,,,,TEA0051,Seguir,,Alto,Dataset inicial,,,,,19,Sub-23,Jugador precargado como semilla de dataset 2025/26; revisar y completar tras observación propia.,2026-06-02 00:00:00
PLY0099,Ronald Araújo,ronald araujo,,27,CTY0011,DFC,,,,TEA0051,Seguir,,Medio-alto,Dataset inicial,,,,,27,,Jugador precargado como semilla de dataset 2025/26; revisar y completar tras observación propia.,2026-06-02 00:00:00
PLY0100,Jules Koundé,jules kounde,,27,CTY0005,LD,,,,TEA0051,Seguir,,Medio-alto,Dataset inicial,,,,,27,,Jugador precargado como semilla de dataset 2025/26; revisar y completar tras observación propia.,2026-06-02 00:00:00
PLY0101,Alejandro Balde,alejandro balde,,22,CTY0001,LI,,,,TEA0051,Seguir,,Alto,Dataset inicial,,,,,22,Sub-23,Jugador precargado como semilla de dataset 2025/26; revisar y completar tras observación propia.,2026-06-02 00:00:00
PLY0102,Pedri,pedri,,23,CTY0001,MC,,,,TEA0051,Seguir,,Alto,Dataset inicial,,,,,23,"Sub-23, centrocampista",Jugador precargado como semilla de dataset 2025/26; revisar y completar tras observación propia.,2026-06-02 00:00:00
PLY0103,Gavi,gavi,,21,CTY0001,MC,,,,TEA0051,Seguir,,Alto,Dataset inicial,,,,,21,"Sub-23, centrocampista",Jugador precargado como semilla de dataset 2025/26; revisar y completar tras observación propia.,2026-06-02 00:00:00
PLY0104,Frenkie de Jong,frenkie de jong,,29,CTY0007,MC,,,,TEA0051,Seguir,,Medio-alto,Dataset inicial,,,,,29,centrocampista,Jugador precargado como semilla de dataset 2025/26; revisar y completar tras observación propia.,2026-06-02 00:00:00
PLY0105,Dani Olmo,dani olmo,,28,CTY0001,MP,,,,TEA0051,Seguir,,Medio-alto,Dataset inicial,,,,,28,centrocampista,Jugador precargado como semilla de dataset 2025/26; revisar y completar tras observación propia.,2026-06-02 00:00:00
PLY0106,Lamine Yamal,lamine yamal,,18,CTY0001,ED,,,,TEA0051,Seguir,,Alto,Dataset inicial,,,,,18,"Sub-23, último tercio",Jugador precargado como semilla de dataset 2025/26; revisar y completar tras observación propia.,2026-06-02 00:00:00
PLY0107,Raphinha,raphinha,,29,CTY0010,ED,,,,TEA0051,Seguir,,Medio-alto,Dataset inicial,,,,,29,último tercio,Jugador precargado como semilla de dataset 2025/26; revisar y completar tras observación propia.,2026-06-02 00:00:00
PLY0108,Robert Lewandowski,robert lewandowski,,37,CTY0027,DC,,,,TEA0051,Seguir,,Medio-alto,Dataset inicial,,,,,37,último tercio,Jugador precargado como semilla de dataset 2025/26; revisar y completar tras observación propia.,2026-06-02 00:00:00
PLY0109,Fermín López,fermin lopez,,23,CTY0001,MP,,,,TEA0051,Seguir,,Alto,Dataset inicial,,,,,23,"Sub-23, centrocampista",Jugador precargado como semilla de dataset 2025/26; revisar y completar tras observación propia.,2026-06-02 00:00:00
PLY0110,Jan Oblak,jan oblak,,33,CTY0029,POR,,,,TEA0046,Seguir,,Medio-alto,Dataset inicial,,,,,33,,Jugador precargado como semilla de dataset 2025/26; revisar y completar tras observación propia.,2026-06-02 00:00:00
PLY0111,José María Giménez,jose maria gimenez,,31,CTY0011,DFC,,,,TEA0046,Seguir,,Medio-alto,Dataset inicial,,,,,31,,Jugador precargado como semilla de dataset 2025/26; revisar y completar tras observación propia.,2026-06-02 00:00:00
PLY0112,Robin Le Normand,robin le normand,,29,CTY0001,DFC,,,,TEA0046,Seguir,,Medio-alto,Dataset inicial,,,,,29,,Jugador precargado como semilla de dataset 2025/26; revisar y completar tras observación propia.,2026-06-02 00:00:00
PLY0113,Nahuel Molina,nahuel molina,,28,CTY0009,LD,,,,TEA0046,Seguir,,Medio-alto,Dataset inicial,,,,,28,,Jugador precargado como semilla de dataset 2025/26; revisar y completar tras observación propia.,2026-06-02 00:00:00
PLY0114,Javi Galán,javi galan,,31,CTY0001,LI,,,,TEA0046,Seguir,,Medio-alto,Dataset inicial,,,,,31,,Jugador precargado como semilla de dataset 2025/26; revisar y completar tras observación propia.,2026-06-02 00:00:00
PLY0115,Koke,koke,,34,CTY0001,MC,,,,TEA0046,Seguir,,Medio-alto,Dataset inicial,,,,,34,centrocampista,Jugador precargado como semilla de dataset 2025/26; revisar y completar tras observación propia.,2026-06-02 00:00:00
PLY0116,Rodrigo De Paul,rodrigo de paul,,32,CTY0009,MC,,,,TEA0046,Seguir,,Medio-alto,Dataset inicial,,,,,32,centrocampista,Jugador precargado como semilla de dataset 2025/26; revisar y completar tras observación propia.,2026-06-02 00:00:00
PLY0117,Pablo Barrios,pablo barrios,,23,CTY0001,MC,,,,TEA0046,Seguir,,Alto,Dataset inicial,,,,,23,"Sub-23, centrocampista",Jugador precargado como semilla de dataset 2025/26; revisar y completar tras observación propia.,2026-06-02 00:00:00
PLY0118,Antoine Griezmann,antoine griezmann,,35,CTY0005,SD,,,,TEA0046,Seguir,,Medio-alto,Dataset inicial,,,,,35,último tercio,Jugador precargado como semilla de dataset 2025/26; revisar y completar tras observación propia.,2026-06-02 00:00:00
PLY0119,Julián Álvarez,julian alvarez,,26,CTY0009,DC,,,,TEA0046,Seguir,,Medio-alto,Dataset inicial,,,,,26,último tercio,Jugador precargado como semilla de dataset 2025/26; revisar y completar tras observación propia.,2026-06-02 00:00:00
PLY0120,Alexander Sørloth,alexander s rloth,,30,CTY0014,DC,,,,TEA0046,Seguir,,Medio-alto,Dataset inicial,,,,,30,último tercio,Jugador precargado como semilla de dataset 2025/26; revisar y completar tras observación propia.,2026-06-02 00:00:00
PLY0121,Giuliano Simeone,giuliano simeone,,23,CTY0009,ED,,,,TEA0046,Seguir,,Alto,Dataset inicial,,,,,23,"Sub-23, último tercio",Jugador precargado como semilla de dataset 2025/26; revisar y completar tras observación propia.,2026-06-02 00:00:00
PLY0122,Gianluigi Donnarumma,gianluigi donnarumma,,27,CTY0003,POR,,,,TEA0163,Seguir,,Medio-alto,Dataset inicial,,,,,27,,Jugador precargado como semilla de dataset 2025/26; revisar y completar tras observación propia.,2026-06-02 00:00:00
PLY0123,Achraf Hakimi,achraf hakimi,,27,CTY0013,LD,,,,TEA0163,Seguir,,Medio-alto,Dataset inicial,,,,,27,,Jugador precargado como semilla de dataset 2025/26; revisar y completar tras observación propia.,2026-06-02 00:00:00
PLY0124,Marquinhos,marquinhos,,32,CTY0010,DFC,,,,TEA0163,Seguir,,Medio-alto,Dataset inicial,,,,,32,,Jugador precargado como semilla de dataset 2025/26; revisar y completar tras observación propia.,2026-06-02 00:00:00
PLY0125,Willian Pacho,willian pacho,,24,CTY0034,DFC,,,,TEA0163,Seguir,,Medio-alto,Dataset inicial,,,,,24,,Jugador precargado como semilla de dataset 2025/26; revisar y completar tras observación propia.,2026-06-02 00:00:00
PLY0126,Nuno Mendes,nuno mendes,,23,CTY0006,LI,,,,TEA0163,Seguir,,Alto,Dataset inicial,,,,,23,Sub-23,Jugador precargado como semilla de dataset 2025/26; revisar y completar tras observación propia.,2026-06-02 00:00:00
PLY0127,Vitinha,vitinha,,26,CTY0006,MC,,,,TEA0163,Seguir,,Medio-alto,Dataset inicial,,,,,26,centrocampista,Jugador precargado como semilla de dataset 2025/26; revisar y completar tras observación propia.,2026-06-02 00:00:00
PLY0128,João Neves,joao neves,,21,CTY0006,MC,,,,TEA0163,Seguir,,Alto,Dataset inicial,,,,,21,"Sub-23, centrocampista",Jugador precargado como semilla de dataset 2025/26; revisar y completar tras observación propia.,2026-06-02 00:00:00
PLY0129,Warren Zaïre-Emery,warren zaire-emery,,20,CTY0005,MC,,,,TEA0163,Seguir,,Alto,Dataset inicial,,,,,20,"Sub-23, centrocampista",Jugador precargado como semilla de dataset 2025/26; revisar y completar tras observación propia.,2026-06-02 00:00:00
PLY0130,Fabián Ruiz,fabian ruiz,,30,CTY0001,MC,,,,TEA0163,Seguir,,Medio-alto,Dataset inicial,,,,,30,centrocampista,Jugador precargado como semilla de dataset 2025/26; revisar y completar tras observación propia.,2026-06-02 00:00:00
PLY0131,Ousmane Dembélé,ousmane dembele,,29,CTY0005,ED,,,,TEA0163,Seguir,,Medio-alto,Dataset inicial,,,,,29,último tercio,Jugador precargado como semilla de dataset 2025/26; revisar y completar tras observación propia.,2026-06-02 00:00:00
PLY0132,Bradley Barcola,bradley barcola,,23,CTY0005,EI,,,,TEA0163,Seguir,,Alto,Dataset inicial,,,,,23,"Sub-23, último tercio",Jugador precargado como semilla de dataset 2025/26; revisar y completar tras observación propia.,2026-06-02 00:00:00
PLY0133,Gonçalo Ramos,goncalo ramos,,25,CTY0006,DC,,,,TEA0163,Seguir,,Medio-alto,Dataset inicial,,,,,25,último tercio,Jugador precargado como semilla de dataset 2025/26; revisar y completar tras observación propia.,2026-06-02 00:00:00
PLY0134,Manuel Neuer,manuel neuer,,40,CTY0004,POR,,,,TEA0127,Seguir,,Medio-alto,Dataset inicial,,,,,40,,Jugador precargado como semilla de dataset 2025/26; revisar y completar tras observación propia.,2026-06-02 00:00:00
PLY0135,Dayot Upamecano,dayot upamecano,,27,CTY0005,DFC,,,,TEA0127,Seguir,,Medio-alto,Dataset inicial,,,,,27,,Jugador precargado como semilla de dataset 2025/26; revisar y completar tras observación propia.,2026-06-02 00:00:00
PLY0136,Kim Min-jae,kim min-jae,,29,CTY0032,DFC,,,,TEA0127,Seguir,,Medio-alto,Dataset inicial,,,,,29,,Jugador precargado como semilla de dataset 2025/26; revisar y completar tras observación propia.,2026-06-02 00:00:00
PLY0137,Alphonso Davies,alphonso davies,,25,CTY0036,LI,,,,TEA0127,Seguir,,Medio-alto,Dataset inicial,,,,,25,,Jugador precargado como semilla de dataset 2025/26; revisar y completar tras observación propia.,2026-06-02 00:00:00
PLY0138,Joshua Kimmich,joshua kimmich,,31,CTY0004,MCD,,,,TEA0127,Seguir,,Medio-alto,Dataset inicial,,,,,31,centrocampista,Jugador precargado como semilla de dataset 2025/26; revisar y completar tras observación propia.,2026-06-02 00:00:00
PLY0139,Aleksandar Pavlović,aleksandar pavlovic,,22,CTY0004,MC,,,,TEA0127,Seguir,,Alto,Dataset inicial,,,,,22,"Sub-23, centrocampista",Jugador precargado como semilla de dataset 2025/26; revisar y completar tras observación propia.,2026-06-02 00:00:00
PLY0140,Jamal Musiala,jamal musiala,,23,CTY0004,MP,,,,TEA0127,Seguir,,Alto,Dataset inicial,,,,,23,"Sub-23, centrocampista",Jugador precargado como semilla de dataset 2025/26; revisar y completar tras observación propia.,2026-06-02 00:00:00
PLY0141,Michael Olise,michael olise,,24,CTY0005,ED,,,,TEA0127,Seguir,,Medio-alto,Dataset inicial,,,,,24,último tercio,Jugador precargado como semilla de dataset 2025/26; revisar y completar tras observación propia.,2026-06-02 00:00:00
PLY0142,Leroy Sané,leroy sane,,30,CTY0004,ED,,,,TEA0127,Seguir,,Medio-alto,Dataset inicial,,,,,30,último tercio,Jugador precargado como semilla de dataset 2025/26; revisar y completar tras observación propia.,2026-06-02 00:00:00
PLY0143,Kingsley Coman,kingsley coman,,30,CTY0005,EI,,,,TEA0127,Seguir,,Medio-alto,Dataset inicial,,,,,30,último tercio,Jugador precargado como semilla de dataset 2025/26; revisar y completar tras observación propia.,2026-06-02 00:00:00
PLY0144,Harry Kane,harry kane,,32,CTY0002,DC,,,,TEA0127,Seguir,,Medio-alto,Dataset inicial,,,,,32,último tercio,Jugador precargado como semilla de dataset 2025/26; revisar y completar tras observación propia.,2026-06-02 00:00:00
PLY0145,Serge Gnabry,serge gnabry,,30,CTY0004,EI,,,,TEA0127,Seguir,,Medio-alto,Dataset inicial,,,,,30,último tercio,Jugador precargado como semilla de dataset 2025/26; revisar y completar tras observación propia.,2026-06-02 00:00:00
PLY0146,Gregor Kobel,gregor kobel,,28,CTY0017,POR,,,,TEA0129,Seguir,,Medio-alto,Dataset inicial,,,,,28,,Jugador precargado como semilla de dataset 2025/26; revisar y completar tras observación propia.,2026-06-02 00:00:00
PLY0147,Nico Schlotterbeck,nico schlotterbeck,,26,CTY0004,DFC,,,,TEA0129,Seguir,,Medio-alto,Dataset inicial,,,,,26,,Jugador precargado como semilla de dataset 2025/26; revisar y completar tras observación propia.,2026-06-02 00:00:00
PLY0148,Waldemar Anton,waldemar anton,,29,CTY0004,DFC,,,,TEA0129,Seguir,,Medio-alto,Dataset inicial,,,,,29,,Jugador precargado como semilla de dataset 2025/26; revisar y completar tras observación propia.,2026-06-02 00:00:00
PLY0149,Ramy Bensebaini,ramy bensebaini,,31,CTY0024,LI,,,,TEA0129,Seguir,,Medio-alto,Dataset inicial,,,,,31,,Jugador precargado como semilla de dataset 2025/26; revisar y completar tras observación propia.,2026-06-02 00:00:00
PLY0150,Julian Ryerson,julian ryerson,,28,CTY0014,LD,,,,TEA0129,Seguir,,Medio-alto,Dataset inicial,,,,,28,,Jugador precargado como semilla de dataset 2025/26; revisar y completar tras observación propia.,2026-06-02 00:00:00
PLY0151,Emre Can,emre can,,32,CTY0004,MCD,,,,TEA0129,Seguir,,Medio-alto,Dataset inicial,,,,,32,centrocampista,Jugador precargado como semilla de dataset 2025/26; revisar y completar tras observación propia.,2026-06-02 00:00:00
PLY0152,Pascal Groß,pascal gro,,34,CTY0004,MC,,,,TEA0129,Seguir,,Medio-alto,Dataset inicial,,,,,34,centrocampista,Jugador precargado como semilla de dataset 2025/26; revisar y completar tras observación propia.,2026-06-02 00:00:00
PLY0153,Felix Nmecha,felix nmecha,,25,CTY0004,MC,,,,TEA0129,Seguir,,Medio-alto,Dataset inicial,,,,,25,centrocampista,Jugador precargado como semilla de dataset 2025/26; revisar y completar tras observación propia.,2026-06-02 00:00:00
PLY0154,Julian Brandt,julian brandt,,30,CTY0004,MP,,,,TEA0129,Seguir,,Medio-alto,Dataset inicial,,,,,30,centrocampista,Jugador precargado como semilla de dataset 2025/26; revisar y completar tras observación propia.,2026-06-02 00:00:00
PLY0155,Karim Adeyemi,karim adeyemi,,24,CTY0004,EI,,,,TEA0129,Seguir,,Medio-alto,Dataset inicial,,,,,24,último tercio,Jugador precargado como semilla de dataset 2025/26; revisar y completar tras observación propia.,2026-06-02 00:00:00
PLY0156,Serhou Guirassy,serhou guirassy,,30,CTY0039,DC,,,,TEA0129,Seguir,,Medio-alto,Dataset inicial,,,,,30,último tercio,Jugador precargado como semilla de dataset 2025/26; revisar y completar tras observación propia.,2026-06-02 00:00:00
PLY0157,Jamie Gittens,jamie gittens,,21,CTY0002,EI,,,,TEA0129,Seguir,,Alto,Dataset inicial,,,,,21,"Sub-23, último tercio",Jugador precargado como semilla de dataset 2025/26; revisar y completar tras observación propia.,2026-06-02 00:00:00
PLY0158,Yann Sommer,yann sommer,,37,CTY0017,POR,,,,TEA0094,Seguir,,Medio-alto,Dataset inicial,,,,,37,,Jugador precargado como semilla de dataset 2025/26; revisar y completar tras observación propia.,2026-06-02 00:00:00
PLY0159,Alessandro Bastoni,alessandro bastoni,,27,CTY0003,DFC,,,,TEA0094,Seguir,,Medio-alto,Dataset inicial,,,,,27,,Jugador precargado como semilla de dataset 2025/26; revisar y completar tras observación propia.,2026-06-02 00:00:00
PLY0160,Nicolò Barella,nicolo barella,,29,CTY0003,MC,,,,TEA0094,Seguir,,Medio-alto,Dataset inicial,,,,,29,centrocampista,Jugador precargado como semilla de dataset 2025/26; revisar y completar tras observación propia.,2026-06-02 00:00:00
PLY0161,Hakan Çalhanoğlu,hakan calhanoglu,,32,CTY0026,MCD,,,,TEA0094,Seguir,,Medio-alto,Dataset inicial,,,,,32,centrocampista,Jugador precargado como semilla de dataset 2025/26; revisar y completar tras observación propia.,2026-06-02 00:00:00
PLY0162,Federico Dimarco,federico dimarco,,28,CTY0003,CAI,,,,TEA0094,Seguir,,Medio-alto,Dataset inicial,,,,,28,,Jugador precargado como semilla de dataset 2025/26; revisar y completar tras observación propia.,2026-06-02 00:00:00
PLY0163,Denzel Dumfries,denzel dumfries,,30,CTY0007,CAD,,,,TEA0094,Seguir,,Medio-alto,Dataset inicial,,,,,30,,Jugador precargado como semilla de dataset 2025/26; revisar y completar tras observación propia.,2026-06-02 00:00:00
PLY0164,Lautaro Martínez,lautaro martinez,,28,CTY0009,DC,,,,TEA0094,Seguir,,Medio-alto,Dataset inicial,,,,,28,último tercio,Jugador precargado como semilla de dataset 2025/26; revisar y completar tras observación propia.,2026-06-02 00:00:00
PLY0165,Marcus Thuram,marcus thuram,,28,CTY0005,DC,,,,TEA0094,Seguir,,Medio-alto,Dataset inicial,,,,,28,último tercio,Jugador precargado como semilla de dataset 2025/26; revisar y completar tras observación propia.,2026-06-02 00:00:00
PLY0166,Benjamin Pavard,benjamin pavard,,30,CTY0005,DFC,,,,TEA0094,Seguir,,Medio-alto,Dataset inicial,,,,,30,,Jugador precargado como semilla de dataset 2025/26; revisar y completar tras observación propia.,2026-06-02 00:00:00
PLY0167,Francesco Acerbi,francesco acerbi,,38,CTY0003,DFC,,,,TEA0094,Seguir,,Medio-alto,Dataset inicial,,,,,38,,Jugador precargado como semilla de dataset 2025/26; revisar y completar tras observación propia.,2026-06-02 00:00:00
PLY0168,Michele Di Gregorio,michele di gregorio,,28,CTY0003,POR,,,,TEA0095,Seguir,,Medio-alto,Dataset inicial,,,,,28,,Jugador precargado como semilla de dataset 2025/26; revisar y completar tras observación propia.,2026-06-02 00:00:00
PLY0169,Gleison Bremer,gleison bremer,,29,CTY0010,DFC,,,,TEA0095,Seguir,,Medio-alto,Dataset inicial,,,,,29,,Jugador precargado como semilla de dataset 2025/26; revisar y completar tras observación propia.,2026-06-02 00:00:00
PLY0170,Federico Gatti,federico gatti,,28,CTY0003,DFC,,,,TEA0095,Seguir,,Medio-alto,Dataset inicial,,,,,28,,Jugador precargado como semilla de dataset 2025/26; revisar y completar tras observación propia.,2026-06-02 00:00:00
PLY0171,Andrea Cambiaso,andrea cambiaso,,26,CTY0003,LI,,,,TEA0095,Seguir,,Medio-alto,Dataset inicial,,,,,26,,Jugador precargado como semilla de dataset 2025/26; revisar y completar tras observación propia.,2026-06-02 00:00:00
PLY0172,Manuel Locatelli,manuel locatelli,,28,CTY0003,MCD,,,,TEA0095,Seguir,,Medio-alto,Dataset inicial,,,,,28,centrocampista,Jugador precargado como semilla de dataset 2025/26; revisar y completar tras observación propia.,2026-06-02 00:00:00
PLY0173,Khéphren Thuram,khephren thuram,,25,CTY0005,MC,,,,TEA0095,Seguir,,Medio-alto,Dataset inicial,,,,,25,centrocampista,Jugador precargado como semilla de dataset 2025/26; revisar y completar tras observación propia.,2026-06-02 00:00:00
PLY0174,Douglas Luiz,douglas luiz,,28,CTY0010,MC,,,,TEA0095,Seguir,,Medio-alto,Dataset inicial,,,,,28,centrocampista,Jugador precargado como semilla de dataset 2025/26; revisar y completar tras observación propia.,2026-06-02 00:00:00
PLY0175,Teun Koopmeiners,teun koopmeiners,,28,CTY0007,MP,,,,TEA0095,Seguir,,Medio-alto,Dataset inicial,,,,,28,centrocampista,Jugador precargado como semilla de dataset 2025/26; revisar y completar tras observación propia.,2026-06-02 00:00:00
PLY0176,Kenan Yıldız,kenan y ld z,,21,CTY0026,MP,,,,TEA0095,Seguir,,Alto,Dataset inicial,,,,,21,"Sub-23, centrocampista",Jugador precargado como semilla de dataset 2025/26; revisar y completar tras observación propia.,2026-06-02 00:00:00
PLY0177,Dušan Vlahović,dusan vlahovic,,26,CTY0028,DC,,,,TEA0095,Seguir,,Medio-alto,Dataset inicial,,,,,26,último tercio,Jugador precargado como semilla de dataset 2025/26; revisar y completar tras observación propia.,2026-06-02 00:00:00
PLY0178,Francisco Conceição,francisco conceicao,,23,CTY0006,ED,,,,TEA0095,Seguir,,Alto,Dataset inicial,,,,,23,"Sub-23, último tercio",Jugador precargado como semilla de dataset 2025/26; revisar y completar tras observación propia.,2026-06-02 00:00:00
PLY0179,Mike Maignan,mike maignan,,30,CTY0005,POR,,,,TEA0098,Seguir,,Medio-alto,Dataset inicial,,,,,30,,Jugador precargado como semilla de dataset 2025/26; revisar y completar tras observación propia.,2026-06-02 00:00:00
PLY0180,Theo Hernández,theo hernandez,,28,CTY0005,LI,,,,TEA0098,Seguir,,Medio-alto,Dataset inicial,,,,,28,,Jugador precargado como semilla de dataset 2025/26; revisar y completar tras observación propia.,2026-06-02 00:00:00
PLY0181,Fikayo Tomori,fikayo tomori,,28,CTY0002,DFC,,,,TEA0098,Seguir,,Medio-alto,Dataset inicial,,,,,28,,Jugador precargado como semilla de dataset 2025/26; revisar y completar tras observación propia.,2026-06-02 00:00:00
PLY0182,Strahinja Pavlović,strahinja pavlovic,,25,CTY0028,DFC,,,,TEA0098,Seguir,,Medio-alto,Dataset inicial,,,,,25,,Jugador precargado como semilla de dataset 2025/26; revisar y completar tras observación propia.,2026-06-02 00:00:00
PLY0183,Yunus Musah,yunus musah,,23,CTY0019,MC,,,,TEA0098,Seguir,,Alto,Dataset inicial,,,,,23,"Sub-23, centrocampista",Jugador precargado como semilla de dataset 2025/26; revisar y completar tras observación propia.,2026-06-02 00:00:00
PLY0184,Rafael Leão,rafael leao,,26,CTY0006,EI,,,,TEA0098,Seguir,,Medio-alto,Dataset inicial,,,,,26,último tercio,Jugador precargado como semilla de dataset 2025/26; revisar y completar tras observación propia.,2026-06-02 00:00:00
PLY0185,Christian Pulisic,christian pulisic,,27,CTY0019,ED,,,,TEA0098,Seguir,,Medio-alto,Dataset inicial,,,,,27,último tercio,Jugador precargado como semilla de dataset 2025/26; revisar y completar tras observación propia.,2026-06-02 00:00:00
PLY0186,Samuel Chukwueze,samuel chukwueze,,27,CTY0023,ED,,,,TEA0098,Seguir,,Medio-alto,Dataset inicial,,,,,27,último tercio,Jugador precargado como semilla de dataset 2025/26; revisar y completar tras observación propia.,2026-06-02 00:00:00
PLY0187,Álvaro Morata,alvaro morata,,33,CTY0001,DC,,,,TEA0098,Seguir,,Medio-alto,Dataset inicial,,,,,33,último tercio,Jugador precargado como semilla de dataset 2025/26; revisar y completar tras observación propia.,2026-06-02 00:00:00
PLY0188,Alex Meret,alex meret,,29,CTY0003,POR,,,,TEA0099,Seguir,,Medio-alto,Dataset inicial,,,,,29,,Jugador precargado como semilla de dataset 2025/26; revisar y completar tras observación propia.,2026-06-02 00:00:00
PLY0189,Alessandro Buongiorno,alessandro buongiorno,,26,CTY0003,DFC,,,,TEA0099,Seguir,,Medio-alto,Dataset inicial,,,,,26,,Jugador precargado como semilla de dataset 2025/26; revisar y completar tras observación propia.,2026-06-02 00:00:00
PLY0190,Giovanni Di Lorenzo,giovanni di lorenzo,,32,CTY0003,LD,,,,TEA0099,Seguir,,Medio-alto,Dataset inicial,,,,,32,,Jugador precargado como semilla de dataset 2025/26; revisar y completar tras observación propia.,2026-06-02 00:00:00
PLY0191,Stanislav Lobotka,stanislav lobotka,,31,CTY0046,MCD,,,,TEA0099,Seguir,,Medio-alto,Dataset inicial,,,,,31,centrocampista,Jugador precargado como semilla de dataset 2025/26; revisar y completar tras observación propia.,2026-06-02 00:00:00
PLY0192,Frank Anguissa,frank anguissa,,30,CTY0037,MC,,,,TEA0099,Seguir,,Medio-alto,Dataset inicial,,,,,30,centrocampista,Jugador precargado como semilla de dataset 2025/26; revisar y completar tras observación propia.,2026-06-02 00:00:00
PLY0193,Scott McTominay,scott mctominay,,29,CTY0041,MC,,,,TEA0099,Seguir,,Medio-alto,Dataset inicial,,,,,29,centrocampista,Jugador precargado como semilla de dataset 2025/26; revisar y completar tras observación propia.,2026-06-02 00:00:00
PLY0194,Khvicha Kvaratskhelia,khvicha kvaratskhelia,,25,CTY0030,EI,,,,TEA0099,Seguir,,Medio-alto,Dataset inicial,,,,,25,último tercio,Jugador precargado como semilla de dataset 2025/26; revisar y completar tras observación propia.,2026-06-02 00:00:00
PLY0195,Matteo Politano,matteo politano,,32,CTY0003,ED,,,,TEA0099,Seguir,,Medio-alto,Dataset inicial,,,,,32,último tercio,Jugador precargado como semilla de dataset 2025/26; revisar y completar tras observación propia.,2026-06-02 00:00:00
PLY0196,Romelu Lukaku,romelu lukaku,,33,CTY0008,DC,,,,TEA0099,Seguir,,Medio-alto,Dataset inicial,,,,,33,último tercio,Jugador precargado como semilla de dataset 2025/26; revisar y completar tras observación propia.,2026-06-02 00:00:00
PLY0197,Giacomo Raspadori,giacomo raspadori,,26,CTY0003,SD,,,,TEA0099,Seguir,,Medio-alto,Dataset inicial,,,,,26,último tercio,Jugador precargado como semilla de dataset 2025/26; revisar y completar tras observación propia.,2026-06-02 00:00:00
PLY0198,Lukáš Hrádecký,lukas hradecky,,36,CTY0047,POR,,,,TEA0130,Seguir,,Medio-alto,Dataset inicial,,,,,36,,Jugador precargado como semilla de dataset 2025/26; revisar y completar tras observación propia.,2026-06-02 00:00:00
PLY0199,Edmond Tapsoba,edmond tapsoba,,27,CTY0048,DFC,,,,TEA0130,Seguir,,Medio-alto,Dataset inicial,,,,,27,,Jugador precargado como semilla de dataset 2025/26; revisar y completar tras observación propia.,2026-06-02 00:00:00
PLY0200,Jonathan Tah,jonathan tah,,30,CTY0004,DFC,,,,TEA0130,Seguir,,Medio-alto,Dataset inicial,,,,,30,,Jugador precargado como semilla de dataset 2025/26; revisar y completar tras observación propia.,2026-06-02 00:00:00
PLY0201,Alejandro Grimaldo,alejandro grimaldo,,30,CTY0001,CAI,,,,TEA0130,Seguir,,Medio-alto,Dataset inicial,,,,,30,,Jugador precargado como semilla de dataset 2025/26; revisar y completar tras observación propia.,2026-06-02 00:00:00
PLY0202,Jeremie Frimpong,jeremie frimpong,,25,CTY0007,CAD,,,,TEA0130,Seguir,,Medio-alto,Dataset inicial,,,,,25,,Jugador precargado como semilla de dataset 2025/26; revisar y completar tras observación propia.,2026-06-02 00:00:00
PLY0203,Granit Xhaka,granit xhaka,,33,CTY0017,MC,,,,TEA0130,Seguir,,Medio-alto,Dataset inicial,,,,,33,centrocampista,Jugador precargado como semilla de dataset 2025/26; revisar y completar tras observación propia.,2026-06-02 00:00:00
PLY0204,Exequiel Palacios,exequiel palacios,,27,CTY0009,MC,,,,TEA0130,Seguir,,Medio-alto,Dataset inicial,,,,,27,centrocampista,Jugador precargado como semilla de dataset 2025/26; revisar y completar tras observación propia.,2026-06-02 00:00:00
PLY0205,Florian Wirtz,florian wirtz,,23,CTY0004,MP,,,,TEA0130,Seguir,,Alto,Dataset inicial,,,,,23,"Sub-23, centrocampista",Jugador precargado como semilla de dataset 2025/26; revisar y completar tras observación propia.,2026-06-02 00:00:00
PLY0206,Patrik Schick,patrik schick,,30,CTY0040,DC,,,,TEA0130,Seguir,,Medio-alto,Dataset inicial,,,,,30,último tercio,Jugador precargado como semilla de dataset 2025/26; revisar y completar tras observación propia.,2026-06-02 00:00:00
PLY0207,Victor Boniface,victor boniface,,25,CTY0023,DC,,,,TEA0130,Seguir,,Medio-alto,Dataset inicial,,,,,25,último tercio,Jugador precargado como semilla de dataset 2025/26; revisar y completar tras observación propia.,2026-06-02 00:00:00
PLY0208,Péter Gulácsi,peter gulacsi,,36,CTY0043,POR,,,,TEA0128,Seguir,,Medio-alto,Dataset inicial,,,,,36,,Jugador precargado como semilla de dataset 2025/26; revisar y completar tras observación propia.,2026-06-02 00:00:00
PLY0209,Castello Lukeba,castello lukeba,,23,CTY0005,DFC,,,,TEA0128,Seguir,,Alto,Dataset inicial,,,,,23,Sub-23,Jugador precargado como semilla de dataset 2025/26; revisar y completar tras observación propia.,2026-06-02 00:00:00
PLY0210,Willi Orbán,willi orban,,33,CTY0043,DFC,,,,TEA0128,Seguir,,Medio-alto,Dataset inicial,,,,,33,,Jugador precargado como semilla de dataset 2025/26; revisar y completar tras observación propia.,2026-06-02 00:00:00
PLY0211,David Raum,david raum,,28,CTY0004,LI,,,,TEA0128,Seguir,,Medio-alto,Dataset inicial,,,,,28,,Jugador precargado como semilla de dataset 2025/26; revisar y completar tras observación propia.,2026-06-02 00:00:00
PLY0212,Xaver Schlager,xaver schlager,,28,CTY0018,MC,,,,TEA0128,Seguir,,Medio-alto,Dataset inicial,,,,,28,centrocampista,Jugador precargado como semilla de dataset 2025/26; revisar y completar tras observación propia.,2026-06-02 00:00:00
PLY0213,Amadou Haidara,amadou haidara,,28,CTY0038,MC,,,,TEA0128,Seguir,,Medio-alto,Dataset inicial,,,,,28,centrocampista,Jugador precargado como semilla de dataset 2025/26; revisar y completar tras observación propia.,2026-06-02 00:00:00
PLY0214,Xavi Simons,xavi simons,,23,CTY0007,MP,,,,TEA0128,Seguir,,Alto,Dataset inicial,,,,,23,"Sub-23, centrocampista",Jugador precargado como semilla de dataset 2025/26; revisar y completar tras observación propia.,2026-06-02 00:00:00
PLY0215,Benjamin Šeško,benjamin sesko,,22,CTY0029,DC,,,,TEA0128,Seguir,,Alto,Dataset inicial,,,,,22,"Sub-23, último tercio",Jugador precargado como semilla de dataset 2025/26; revisar y completar tras observación propia.,2026-06-02 00:00:00
PLY0216,Loïs Openda,lois openda,,26,CTY0008,DC,,,,TEA0128,Seguir,,Medio-alto,Dataset inicial,,,,,26,último tercio,Jugador precargado como semilla de dataset 2025/26; revisar y completar tras observación propia.,2026-06-02 00:00:00
PLY0217,Christoph Baumgartner,christoph baumgartner,,26,CTY0018,MP,,,,TEA0128,Seguir,,Medio-alto,Dataset inicial,,,,,26,centrocampista,Jugador precargado como semilla de dataset 2025/26; revisar y completar tras observación propia.,2026-06-02 00:00:00
PLY0218,Gerónimo Rulli,geronimo rulli,,34,CTY0009,POR,,,,TEA0164,Seguir,,Medio-alto,Dataset inicial,,,,,34,,Jugador precargado como semilla de dataset 2025/26; revisar y completar tras observación propia.,2026-06-02 00:00:00
PLY0219,Leonardo Balerdi,leonardo balerdi,,27,CTY0009,DFC,,,,TEA0164,Seguir,,Medio-alto,Dataset inicial,,,,,27,,Jugador precargado como semilla de dataset 2025/26; revisar y completar tras observación propia.,2026-06-02 00:00:00
PLY0220,Quentin Merlin,quentin merlin,,24,CTY0005,LI,,,,TEA0164,Seguir,,Medio-alto,Dataset inicial,,,,,24,,Jugador precargado como semilla de dataset 2025/26; revisar y completar tras observación propia.,2026-06-02 00:00:00
PLY0221,Pierre-Emile Højbjerg,pierre-emile h jbjerg,,30,CTY0016,MCD,,,,TEA0164,Seguir,,Medio-alto,Dataset inicial,,,,,30,centrocampista,Jugador precargado como semilla de dataset 2025/26; revisar y completar tras observación propia.,2026-06-02 00:00:00
PLY0222,Adrien Rabiot,adrien rabiot,,31,CTY0005,MC,,,,TEA0164,Seguir,,Medio-alto,Dataset inicial,,,,,31,centrocampista,Jugador precargado como semilla de dataset 2025/26; revisar y completar tras observación propia.,2026-06-02 00:00:00
PLY0223,Mason Greenwood,mason greenwood,,24,CTY0002,ED,,,,TEA0164,Seguir,,Medio-alto,Dataset inicial,,,,,24,último tercio,Jugador precargado como semilla de dataset 2025/26; revisar y completar tras observación propia.,2026-06-02 00:00:00
PLY0224,Amine Gouiri,amine gouiri,,26,CTY0024,DC,,,,TEA0164,Seguir,,Medio-alto,Dataset inicial,,,,,26,último tercio,Jugador precargado como semilla de dataset 2025/26; revisar y completar tras observación propia.,2026-06-02 00:00:00
PLY0225,Jonathan Rowe,jonathan rowe,,23,CTY0002,EI,,,,TEA0164,Seguir,,Alto,Dataset inicial,,,,,23,"Sub-23, último tercio",Jugador precargado como semilla de dataset 2025/26; revisar y completar tras observación propia.,2026-06-02 00:00:00
PLY0226,Philipp Köhn,philipp kohn,,28,CTY0017,POR,,,,TEA0165,Seguir,,Medio-alto,Dataset inicial,,,,,28,,Jugador precargado como semilla de dataset 2025/26; revisar y completar tras observación propia.,2026-06-02 00:00:00
PLY0227,Wilfried Singo,wilfried singo,,25,CTY0020,DFC,,,,TEA0165,Seguir,,Medio-alto,Dataset inicial,,,,,25,,Jugador precargado como semilla de dataset 2025/26; revisar y completar tras observación propia.,2026-06-02 00:00:00
PLY0228,Caio Henrique,caio henrique,,28,CTY0010,LI,,,,TEA0165,Seguir,,Medio-alto,Dataset inicial,,,,,28,,Jugador precargado como semilla de dataset 2025/26; revisar y completar tras observación propia.,2026-06-02 00:00:00
PLY0229,Denis Zakaria,denis zakaria,,29,CTY0017,MCD,,,,TEA0165,Seguir,,Medio-alto,Dataset inicial,,,,,29,centrocampista,Jugador precargado como semilla de dataset 2025/26; revisar y completar tras observación propia.,2026-06-02 00:00:00
PLY0230,Aleksandr Golovin,aleksandr golovin,,30,CTY0044,MP,,,,TEA0165,Seguir,,Medio-alto,Dataset inicial,,,,,30,centrocampista,Jugador precargado como semilla de dataset 2025/26; revisar y completar tras observación propia.,2026-06-02 00:00:00
PLY0231,Maghnes Akliouche,maghnes akliouche,,24,CTY0005,MP,,,,TEA0165,Seguir,,Medio-alto,Dataset inicial,,,,,24,centrocampista,Jugador precargado como semilla de dataset 2025/26; revisar y completar tras observación propia.,2026-06-02 00:00:00
PLY0232,Eliesse Ben Seghir,eliesse ben seghir,,21,CTY0013,EI,,,,TEA0165,Seguir,,Alto,Dataset inicial,,,,,21,"Sub-23, último tercio",Jugador precargado como semilla de dataset 2025/26; revisar y completar tras observación propia.,2026-06-02 00:00:00
PLY0233,Breel Embolo,breel embolo,,29,CTY0017,DC,,,,TEA0165,Seguir,,Medio-alto,Dataset inicial,,,,,29,último tercio,Jugador precargado como semilla de dataset 2025/26; revisar y completar tras observación propia.,2026-06-02 00:00:00
PLY0234,Luiz Júnior,luiz junior,,25,CTY0010,POR,,,,TEA0064,Seguir,,Medio-alto,Dataset inicial,,,,,25,,Jugador precargado como semilla de dataset 2025/26; revisar y completar tras observación propia.,2026-06-02 00:00:00
PLY0235,Pau Navarro,pau navarro,,21,CTY0001,DFC,,,,TEA0064,Seguir,,Alto,Dataset inicial,,,,,21,Sub-23,Jugador precargado como semilla de dataset 2025/26; revisar y completar tras observación propia.,2026-06-02 00:00:00
PLY0236,Dani Parejo,dani parejo,,37,CTY0001,MC,,,,TEA0064,Seguir,,Medio-alto,Dataset inicial,,,,,37,centrocampista,Jugador precargado como semilla de dataset 2025/26; revisar y completar tras observación propia.,2026-06-02 00:00:00
PLY0237,Santi Comesaña,santi comesana,,29,CTY0001,MC,,,,TEA0064,Seguir,,Medio-alto,Dataset inicial,,,,,29,centrocampista,Jugador precargado como semilla de dataset 2025/26; revisar y completar tras observación propia.,2026-06-02 00:00:00
PLY0238,Álex Baena,alex baena,,25,CTY0001,MP,,,,TEA0064,Seguir,,Medio-alto,Dataset inicial,,,,,25,centrocampista,Jugador precargado como semilla de dataset 2025/26; revisar y completar tras observación propia.,2026-06-02 00:00:00
PLY0239,Nicolas Pépé,nicolas pepe,,31,CTY0020,ED,,,,TEA0064,Seguir,,Medio-alto,Dataset inicial,,,,,31,último tercio,Jugador precargado como semilla de dataset 2025/26; revisar y completar tras observación propia.,2026-06-02 00:00:00
PLY0240,Ayoze Pérez,ayoze perez,,32,CTY0001,SD,,,,TEA0064,Seguir,,Medio-alto,Dataset inicial,,,,,32,último tercio,Jugador precargado como semilla de dataset 2025/26; revisar y completar tras observación propia.,2026-06-02 00:00:00
PLY0241,Thierno Barry,thierno barry,,23,CTY0005,DC,,,,TEA0064,Seguir,,Alto,Dataset inicial,,,,,23,"Sub-23, último tercio",Jugador precargado como semilla de dataset 2025/26; revisar y completar tras observación propia.,2026-06-02 00:00:00
PLY0242,Unai Simón,unai simon,,28,CTY0001,POR,,,,TEA0045,Seguir,,Medio-alto,Dataset inicial,,,,,28,,Jugador precargado como semilla de dataset 2025/26; revisar y completar tras observación propia.,2026-06-02 00:00:00
PLY0243,Dani Vivian,dani vivian,,26,CTY0001,DFC,,,,TEA0045,Seguir,,Medio-alto,Dataset inicial,,,,,26,,Jugador precargado como semilla de dataset 2025/26; revisar y completar tras observación propia.,2026-06-02 00:00:00
PLY0244,Aitor Paredes,aitor paredes,,26,CTY0001,DFC,,,,TEA0045,Seguir,,Medio-alto,Dataset inicial,,,,,26,,Jugador precargado como semilla de dataset 2025/26; revisar y completar tras observación propia.,2026-06-02 00:00:00
PLY0245,Yuri Berchiche,yuri berchiche,,36,CTY0001,LI,,,,TEA0045,Seguir,,Medio-alto,Dataset inicial,,,,,36,,Jugador precargado como semilla de dataset 2025/26; revisar y completar tras observación propia.,2026-06-02 00:00:00
PLY0246,Ander Herrera,ander herrera,,36,CTY0001,MC,,,,TEA0045,Seguir,,Medio-alto,Dataset inicial,,,,,36,centrocampista,Jugador precargado como semilla de dataset 2025/26; revisar y completar tras observación propia.,2026-06-02 00:00:00
PLY0247,Oihan Sancet,oihan sancet,,26,CTY0001,MP,,,,TEA0045,Seguir,,Medio-alto,Dataset inicial,,,,,26,centrocampista,Jugador precargado como semilla de dataset 2025/26; revisar y completar tras observación propia.,2026-06-02 00:00:00
PLY0248,Nico Williams,nico williams,,23,CTY0001,EI,,,,TEA0045,Seguir,,Alto,Dataset inicial,,,,,23,"Sub-23, último tercio",Jugador precargado como semilla de dataset 2025/26; revisar y completar tras observación propia.,2026-06-02 00:00:00
PLY0249,Iñaki Williams,inaki williams,,31,CTY0022,ED,,,,TEA0045,Seguir,,Medio-alto,Dataset inicial,,,,,31,último tercio,Jugador precargado como semilla de dataset 2025/26; revisar y completar tras observación propia.,2026-06-02 00:00:00
PLY0250,Gorka Guruzeta,gorka guruzeta,,29,CTY0001,DC,,,,TEA0045,Seguir,,Medio-alto,Dataset inicial,,,,,29,último tercio,Jugador precargado como semilla de dataset 2025/26; revisar y completar tras observación propia.,2026-06-02 00:00:00
PLY0251,Pau López,pau lopez,,31,CTY0001,POR,,,,TEA0058,Seguir,,Medio-alto,Dataset inicial,,,,,31,,Jugador precargado como semilla de dataset 2025/26; revisar y completar tras observación propia.,2026-06-02 00:00:00
PLY0252,Marc Bartra,marc bartra,,35,CTY0001,DFC,,,,TEA0058,Seguir,,Medio-alto,Dataset inicial,,,,,35,,Jugador precargado como semilla de dataset 2025/26; revisar y completar tras observación propia.,2026-06-02 00:00:00
PLY0253,Natan,natan,,25,CTY0010,DFC,,,,TEA0058,Seguir,,Medio-alto,Dataset inicial,,,,,25,,Jugador precargado como semilla de dataset 2025/26; revisar y completar tras observación propia.,2026-06-02 00:00:00
PLY0254,Johnny Cardoso,johnny cardoso,,24,CTY0019,MCD,,,,TEA0058,Seguir,,Medio-alto,Dataset inicial,,,,,24,centrocampista,Jugador precargado como semilla de dataset 2025/26; revisar y completar tras observación propia.,2026-06-02 00:00:00
PLY0255,Isco,isco,,34,CTY0001,MP,,,,TEA0058,Seguir,,Medio-alto,Dataset inicial,,,,,34,centrocampista,Jugador precargado como semilla de dataset 2025/26; revisar y completar tras observación propia.,2026-06-02 00:00:00
PLY0256,Pablo Fornals,pablo fornals,,30,CTY0001,MP,,,,TEA0058,Seguir,,Medio-alto,Dataset inicial,,,,,30,centrocampista,Jugador precargado como semilla de dataset 2025/26; revisar y completar tras observación propia.,2026-06-02 00:00:00
PLY0257,Abde Ezzalzouli,abde ezzalzouli,,24,CTY0013,EI,,,,TEA0058,Seguir,,Medio-alto,Dataset inicial,,,,,24,último tercio,Jugador precargado como semilla de dataset 2025/26; revisar y completar tras observación propia.,2026-06-02 00:00:00
PLY0258,Cédric Bakambu,cedric bakambu,,35,CTY0049,DC,,,,TEA0058,Seguir,,Medio-alto,Dataset inicial,,,,,35,último tercio,Jugador precargado como semilla de dataset 2025/26; revisar y completar tras observación propia.,2026-06-02 00:00:00
PLY0259,Álex Remiro,alex remiro,,31,CTY0001,POR,,,,TEA0061,Seguir,,Medio-alto,Dataset inicial,,,,,31,,Jugador precargado como semilla de dataset 2025/26; revisar y completar tras observación propia.,2026-06-02 00:00:00
PLY0260,Igor Zubeldia,igor zubeldia,,29,CTY0001,DFC,,,,TEA0061,Seguir,,Medio-alto,Dataset inicial,,,,,29,,Jugador precargado como semilla de dataset 2025/26; revisar y completar tras observación propia.,2026-06-02 00:00:00
PLY0261,Aihen Muñoz,aihen munoz,,28,CTY0001,LI,,,,TEA0061,Seguir,,Medio-alto,Dataset inicial,,,,,28,,Jugador precargado como semilla de dataset 2025/26; revisar y completar tras observación propia.,2026-06-02 00:00:00
PLY0262,Brais Méndez,brais mendez,,29,CTY0001,MP,,,,TEA0061,Seguir,,Medio-alto,Dataset inicial,,,,,29,centrocampista,Jugador precargado como semilla de dataset 2025/26; revisar y completar tras observación propia.,2026-06-02 00:00:00
PLY0263,Takefusa Kubo,takefusa kubo,,25,CTY0031,ED,,,,TEA0061,Seguir,,Medio-alto,Dataset inicial,,,,,25,último tercio,Jugador precargado como semilla de dataset 2025/26; revisar y completar tras observación propia.,2026-06-02 00:00:00
PLY0264,Mikel Oyarzabal,mikel oyarzabal,,29,CTY0001,EI,,,,TEA0061,Seguir,,Medio-alto,Dataset inicial,,,,,29,último tercio,Jugador precargado como semilla de dataset 2025/26; revisar y completar tras observación propia.,2026-06-02 00:00:00
PLY0265,Umar Sadiq,umar sadiq,,29,CTY0023,DC,,,,TEA0061,Seguir,,Medio-alto,Dataset inicial,,,,,29,último tercio,Jugador precargado como semilla de dataset 2025/26; revisar y completar tras observación propia.,2026-06-02 00:00:00
PLY0266,Ørjan Nyland,rjan nyland,,35,CTY0014,POR,,,,TEA0062,Seguir,,Medio-alto,Dataset inicial,,,,,35,,Jugador precargado como semilla de dataset 2025/26; revisar y completar tras observación propia.,2026-06-02 00:00:00
PLY0267,Loïc Badé,loic bade,,26,CTY0005,DFC,,,,TEA0062,Seguir,,Medio-alto,Dataset inicial,,,,,26,,Jugador precargado como semilla de dataset 2025/26; revisar y completar tras observación propia.,2026-06-02 00:00:00
PLY0268,Adrià Pedrosa,adria pedrosa,,28,CTY0001,LI,,,,TEA0062,Seguir,,Medio-alto,Dataset inicial,,,,,28,,Jugador precargado como semilla de dataset 2025/26; revisar y completar tras observación propia.,2026-06-02 00:00:00
PLY0269,Nemanja Gudelj,nemanja gudelj,,34,CTY0028,MCD,,,,TEA0062,Seguir,,Medio-alto,Dataset inicial,,,,,34,centrocampista,Jugador precargado como semilla de dataset 2025/26; revisar y completar tras observación propia.,2026-06-02 00:00:00
PLY0270,Djibril Sow,djibril sow,,29,CTY0017,MC,,,,TEA0062,Seguir,,Medio-alto,Dataset inicial,,,,,29,centrocampista,Jugador precargado como semilla de dataset 2025/26; revisar y completar tras observación propia.,2026-06-02 00:00:00
PLY0271,Suso,suso,,32,CTY0001,ED,,,,TEA0062,Seguir,,Medio-alto,Dataset inicial,,,,,32,último tercio,Jugador precargado como semilla de dataset 2025/26; revisar y completar tras observación propia.,2026-06-02 00:00:00
PLY0272,Dodi Lukébakio,dodi lukebakio,,28,CTY0008,ED,,,,TEA0062,Seguir,,Medio-alto,Dataset inicial,,,,,28,último tercio,Jugador precargado como semilla de dataset 2025/26; revisar y completar tras observación propia.,2026-06-02 00:00:00
PLY0273,Isaac Romero,isaac romero,,26,CTY0001,DC,,,,TEA0062,Seguir,,Medio-alto,Dataset inicial,,,,,26,último tercio,Jugador precargado como semilla de dataset 2025/26; revisar y completar tras observación propia.,2026-06-02 00:00:00
PLY0274,Giorgi Mamardashvili,giorgi mamardashvili,,25,CTY0030,POR,,,,TEA0063,Seguir,,Medio-alto,Dataset inicial,,,,,25,,Jugador precargado como semilla de dataset 2025/26; revisar y completar tras observación propia.,2026-06-02 00:00:00
PLY0275,Cristhian Mosquera,cristhian mosquera,,21,CTY0001,DFC,,,,TEA0063,Seguir,,Alto,Dataset inicial,,,,,21,Sub-23,Jugador precargado como semilla de dataset 2025/26; revisar y completar tras observación propia.,2026-06-02 00:00:00
PLY0276,José Gayà,jose gaya,,31,CTY0001,LI,,,,TEA0063,Seguir,,Medio-alto,Dataset inicial,,,,,31,,Jugador precargado como semilla de dataset 2025/26; revisar y completar tras observación propia.,2026-06-02 00:00:00
PLY0277,Javi Guerra,javi guerra,,23,CTY0001,MC,,,,TEA0063,Seguir,,Alto,Dataset inicial,,,,,23,"Sub-23, centrocampista",Jugador precargado como semilla de dataset 2025/26; revisar y completar tras observación propia.,2026-06-02 00:00:00
PLY0278,Pepelu,pepelu,,27,CTY0001,MCD,,,,TEA0063,Seguir,,Medio-alto,Dataset inicial,,,,,27,centrocampista,Jugador precargado como semilla de dataset 2025/26; revisar y completar tras observación propia.,2026-06-02 00:00:00
PLY0279,Diego López,diego lopez,,24,CTY0001,ED,,,,TEA0063,Seguir,,Medio-alto,Dataset inicial,,,,,24,último tercio,Jugador precargado como semilla de dataset 2025/26; revisar y completar tras observación propia.,2026-06-02 00:00:00
PLY0280,Hugo Duro,hugo duro,,26,CTY0001,DC,,,,TEA0063,Seguir,,Medio-alto,Dataset inicial,,,,,26,último tercio,Jugador precargado como semilla de dataset 2025/26; revisar y completar tras observación propia.,2026-06-02 00:00:00
PLY0281,André Almeida,andre almeida,,26,CTY0006,MP,,,,TEA0063,Seguir,,Medio-alto,Dataset inicial,,,,,26,centrocampista,Jugador precargado como semilla de dataset 2025/26; revisar y completar tras observación propia.,2026-06-02 00:00:00
PLY0282,Marco Carnesecchi,marco carnesecchi,,25,CTY0003,POR,,,,TEA0087,Seguir,,Medio-alto,Dataset inicial,,,,,25,,Jugador precargado como semilla de dataset 2025/26; revisar y completar tras observación propia.,2026-06-02 00:00:00
PLY0283,Giorgio Scalvini,giorgio scalvini,,22,CTY0003,DFC,,,,TEA0087,Seguir,,Alto,Dataset inicial,,,,,22,Sub-23,Jugador precargado como semilla de dataset 2025/26; revisar y completar tras observación propia.,2026-06-02 00:00:00
PLY0284,Isak Hien,isak hien,,27,CTY0015,DFC,,,,TEA0087,Seguir,,Medio-alto,Dataset inicial,,,,,27,,Jugador precargado como semilla de dataset 2025/26; revisar y completar tras observación propia.,2026-06-02 00:00:00
PLY0285,Éderson,ederson,,26,CTY0010,MC,,,,TEA0087,Seguir,,Medio-alto,Dataset inicial,,,,,26,centrocampista,Jugador precargado como semilla de dataset 2025/26; revisar y completar tras observación propia.,2026-06-02 00:00:00
PLY0286,Marten de Roon,marten de roon,,35,CTY0007,MCD,,,,TEA0087,Seguir,,Medio-alto,Dataset inicial,,,,,35,centrocampista,Jugador precargado como semilla de dataset 2025/26; revisar y completar tras observación propia.,2026-06-02 00:00:00
PLY0287,Charles De Ketelaere,charles de ketelaere,,25,CTY0008,MP,,,,TEA0087,Seguir,,Medio-alto,Dataset inicial,,,,,25,centrocampista,Jugador precargado como semilla de dataset 2025/26; revisar y completar tras observación propia.,2026-06-02 00:00:00
PLY0288,Ademola Lookman,ademola lookman,,28,CTY0023,EI,,,,TEA0087,Seguir,,Medio-alto,Dataset inicial,,,,,28,último tercio,Jugador precargado como semilla de dataset 2025/26; revisar y completar tras observación propia.,2026-06-02 00:00:00
PLY0289,Mateo Retegui,mateo retegui,,27,CTY0003,DC,,,,TEA0087,Seguir,,Medio-alto,Dataset inicial,,,,,27,último tercio,Jugador precargado como semilla de dataset 2025/26; revisar y completar tras observación propia.,2026-06-02 00:00:00
PLY0290,Łukasz Skorupski,ukasz skorupski,,35,CTY0027,POR,,,,TEA0088,Seguir,,Medio-alto,Dataset inicial,,,,,35,,Jugador precargado como semilla de dataset 2025/26; revisar y completar tras observación propia.,2026-06-02 00:00:00
PLY0291,Sam Beukema,sam beukema,,27,CTY0007,DFC,,,,TEA0088,Seguir,,Medio-alto,Dataset inicial,,,,,27,,Jugador precargado como semilla de dataset 2025/26; revisar y completar tras observación propia.,2026-06-02 00:00:00
PLY0292,Riccardo Orsolini,riccardo orsolini,,29,CTY0003,ED,,,,TEA0088,Seguir,,Medio-alto,Dataset inicial,,,,,29,último tercio,Jugador precargado como semilla de dataset 2025/26; revisar y completar tras observación propia.,2026-06-02 00:00:00
PLY0293,Lewis Ferguson,lewis ferguson,,26,CTY0041,MC,,,,TEA0088,Seguir,,Medio-alto,Dataset inicial,,,,,26,centrocampista,Jugador precargado como semilla de dataset 2025/26; revisar y completar tras observación propia.,2026-06-02 00:00:00
PLY0294,Remo Freuler,remo freuler,,34,CTY0017,MC,,,,TEA0088,Seguir,,Medio-alto,Dataset inicial,,,,,34,centrocampista,Jugador precargado como semilla de dataset 2025/26; revisar y completar tras observación propia.,2026-06-02 00:00:00
PLY0295,Santiago Castro,santiago castro,,21,CTY0009,DC,,,,TEA0088,Seguir,,Alto,Dataset inicial,,,,,21,"Sub-23, último tercio",Jugador precargado como semilla de dataset 2025/26; revisar y completar tras observación propia.,2026-06-02 00:00:00
PLY0296,Pepe Reina,pepe reina,,43,CTY0001,POR,,,,TEA0090,Seguir,,Medio-alto,Dataset inicial,,,,,43,,Jugador precargado como semilla de dataset 2025/26; revisar y completar tras observación propia.,2026-06-02 00:00:00
PLY0297,Raphaël Varane,raphael varane,,33,CTY0005,DFC,,,,TEA0090,Seguir,,Medio-alto,Dataset inicial,,,,,33,,Jugador precargado como semilla de dataset 2025/26; revisar y completar tras observación propia.,2026-06-02 00:00:00
PLY0298,Alberto Moreno,alberto moreno,,33,CTY0001,LI,,,,TEA0090,Seguir,,Medio-alto,Dataset inicial,,,,,33,,Jugador precargado como semilla de dataset 2025/26; revisar y completar tras observación propia.,2026-06-02 00:00:00
PLY0299,Sergi Roberto,sergi roberto,,34,CTY0001,MC,,,,TEA0090,Seguir,,Medio-alto,Dataset inicial,,,,,34,centrocampista,Jugador precargado como semilla de dataset 2025/26; revisar y completar tras observación propia.,2026-06-02 00:00:00
PLY0300,Nico Paz,nico paz,,21,CTY0009,MP,,,,TEA0090,Seguir,,Alto,Dataset inicial,,,,,21,"Sub-23, centrocampista",Jugador precargado como semilla de dataset 2025/26; revisar y completar tras observación propia.,2026-06-02 00:00:00
PLY0301,Patrick Cutrone,patrick cutrone,,28,CTY0003,DC,,,,TEA0090,Seguir,,Medio-alto,Dataset inicial,,,,,28,último tercio,Jugador precargado como semilla de dataset 2025/26; revisar y completar tras observación propia.,2026-06-02 00:00:00
PLY0302,Brice Samba,brice samba,,32,CTY0005,POR,,,,TEA0168,Seguir,,Medio-alto,Dataset inicial,,,,,32,,Jugador precargado como semilla de dataset 2025/26; revisar y completar tras observación propia.,2026-06-02 00:00:00
PLY0303,Kevin Danso,kevin danso,,27,CTY0018,DFC,,,,TEA0168,Seguir,,Medio-alto,Dataset inicial,,,,,27,,Jugador precargado como semilla de dataset 2025/26; revisar y completar tras observación propia.,2026-06-02 00:00:00
PLY0304,Facundo Medina,facundo medina,,27,CTY0009,DFC,,,,TEA0168,Seguir,,Medio-alto,Dataset inicial,,,,,27,,Jugador precargado como semilla de dataset 2025/26; revisar y completar tras observación propia.,2026-06-02 00:00:00
PLY0305,Neil El Aynaoui,neil el aynaoui,,24,CTY0013,MC,,,,TEA0168,Seguir,,Medio-alto,Dataset inicial,,,,,24,centrocampista,Jugador precargado como semilla de dataset 2025/26; revisar y completar tras observación propia.,2026-06-02 00:00:00
PLY0306,Florian Sotoca,florian sotoca,,35,CTY0005,SD,,,,TEA0168,Seguir,,Medio-alto,Dataset inicial,,,,,35,último tercio,Jugador precargado como semilla de dataset 2025/26; revisar y completar tras observación propia.,2026-06-02 00:00:00
PLY0307,Elye Wahi,elye wahi,,23,CTY0005,DC,,,,TEA0168,Seguir,,Alto,Dataset inicial,,,,,23,"Sub-23, último tercio",Jugador precargado como semilla de dataset 2025/26; revisar y completar tras observación propia.,2026-06-02 00:00:00
PLY0308,Lucas Chevalier,lucas chevalier,,24,CTY0005,POR,,,,TEA0167,Seguir,,Medio-alto,Dataset inicial,,,,,24,,Jugador precargado como semilla de dataset 2025/26; revisar y completar tras observación propia.,2026-06-02 00:00:00
PLY0309,Bafodé Diakité,bafode diakite,,25,CTY0005,DFC,,,,TEA0167,Seguir,,Medio-alto,Dataset inicial,,,,,25,,Jugador precargado como semilla de dataset 2025/26; revisar y completar tras observación propia.,2026-06-02 00:00:00
PLY0310,Angel Gomes,angel gomes,,25,CTY0002,MC,,,,TEA0167,Seguir,,Medio-alto,Dataset inicial,,,,,25,centrocampista,Jugador precargado como semilla de dataset 2025/26; revisar y completar tras observación propia.,2026-06-02 00:00:00
PLY0311,Benjamin André,benjamin andre,,35,CTY0005,MCD,,,,TEA0167,Seguir,,Medio-alto,Dataset inicial,,,,,35,centrocampista,Jugador precargado como semilla de dataset 2025/26; revisar y completar tras observación propia.,2026-06-02 00:00:00
PLY0312,Edon Zhegrova,edon zhegrova,,27,CTY0045,ED,,,,TEA0167,Seguir,,Medio-alto,Dataset inicial,,,,,27,último tercio,Jugador precargado como semilla de dataset 2025/26; revisar y completar tras observación propia.,2026-06-02 00:00:00
PLY0313,Jonathan David,jonathan david,,26,CTY0036,DC,,,,TEA0167,Seguir,,Medio-alto,Dataset inicial,,,,,26,último tercio,Jugador precargado como semilla de dataset 2025/26; revisar y completar tras observación propia.,2026-06-02 00:00:00
PLY0314,Đorđe Petrović,or e petrovic,,26,CTY0028,POR,,,,TEA0171,Seguir,,Medio-alto,Dataset inicial,,,,,26,,Jugador precargado como semilla de dataset 2025/26; revisar y completar tras observación propia.,2026-06-02 00:00:00
PLY0315,Abakar Sylla,abakar sylla,,23,CTY0020,DFC,,,,TEA0171,Seguir,,Alto,Dataset inicial,,,,,23,Sub-23,Jugador precargado como semilla de dataset 2025/26; revisar y completar tras observación propia.,2026-06-02 00:00:00
PLY0316,Andrey Santos,andrey santos,,22,CTY0010,MC,,,,TEA0171,Seguir,,Alto,Dataset inicial,,,,,22,"Sub-23, centrocampista",Jugador precargado como semilla de dataset 2025/26; revisar y completar tras observación propia.,2026-06-02 00:00:00
PLY0317,Habib Diarra,habib diarra,,22,CTY0021,MC,,,,TEA0171,Seguir,,Alto,Dataset inicial,,,,,22,"Sub-23, centrocampista",Jugador precargado como semilla de dataset 2025/26; revisar y completar tras observación propia.,2026-06-02 00:00:00
PLY0318,Emanuel Emegha,emanuel emegha,,23,CTY0007,DC,,,,TEA0171,Seguir,,Alto,Dataset inicial,,,,,23,"Sub-23, último tercio",Jugador precargado como semilla de dataset 2025/26; revisar y completar tras observación propia.,2026-06-02 00:00:00
PLY0319,Dilane Bakwa,dilane bakwa,,24,CTY0005,ED,,,,TEA0171,Seguir,,Medio-alto,Dataset inicial,,,,,24,último tercio,Jugador precargado como semilla de dataset 2025/26; revisar y completar tras observación propia.,2026-06-02 00:00:00
PLY0320,Anatoliy Trubin,anatoliy trubin,,24,CTY0053,POR,,,,TEA0199,Seguir,,Medio-alto,Dataset inicial,,,,,24,,Jugador precargado como semilla de dataset 2025/26; revisar y completar tras observación propia.,2026-06-02 00:00:00
PLY0321,António Silva,antonio silva,,22,CTY0006,DFC,,,,TEA0199,Seguir,,Alto,Dataset inicial,,,,,22,Sub-23,Jugador precargado como semilla de dataset 2025/26; revisar y completar tras observación propia.,2026-06-02 00:00:00
PLY0322,Nicolás Otamendi,nicolas otamendi,,38,CTY0009,DFC,,,,TEA0199,Seguir,,Medio-alto,Dataset inicial,,,,,38,,Jugador precargado como semilla de dataset 2025/26; revisar y completar tras observación propia.,2026-06-02 00:00:00
PLY0323,Álvaro Carreras,alvaro carreras,,23,CTY0001,LI,,,,TEA0199,Seguir,,Alto,Dataset inicial,,,,,23,Sub-23,Jugador precargado como semilla de dataset 2025/26; revisar y completar tras observación propia.,2026-06-02 00:00:00
PLY0324,Orkun Kökçü,orkun kokcu,,25,CTY0026,MC,,,,TEA0199,Seguir,,Medio-alto,Dataset inicial,,,,,25,centrocampista,Jugador precargado como semilla de dataset 2025/26; revisar y completar tras observación propia.,2026-06-02 00:00:00
PLY0325,Florentino Luís,florentino luis,,26,CTY0006,MCD,,,,TEA0199,Seguir,,Medio-alto,Dataset inicial,,,,,26,centrocampista,Jugador precargado como semilla de dataset 2025/26; revisar y completar tras observación propia.,2026-06-02 00:00:00
PLY0326,Ángel Di María,angel di maria,,38,CTY0009,ED,,,,TEA0199,Seguir,,Medio-alto,Dataset inicial,,,,,38,último tercio,Jugador precargado como semilla de dataset 2025/26; revisar y completar tras observación propia.,2026-06-02 00:00:00
PLY0327,Vangelis Pavlidis,vangelis pavlidis,,27,CTY0051,DC,,,,TEA0199,Seguir,,Medio-alto,Dataset inicial,,,,,27,último tercio,Jugador precargado como semilla de dataset 2025/26; revisar y completar tras observación propia.,2026-06-02 00:00:00
PLY0328,Diogo Costa,diogo costa,,26,CTY0006,POR,,,,TEA0200,Seguir,,Medio-alto,Dataset inicial,,,,,26,,Jugador precargado como semilla de dataset 2025/26; revisar y completar tras observación propia.,2026-06-02 00:00:00
PLY0329,Pepe,pepe,,43,CTY0006,DFC,,,,TEA0200,Seguir,,Medio-alto,Dataset inicial,,,,,43,,Jugador precargado como semilla de dataset 2025/26; revisar y completar tras observación propia.,2026-06-02 00:00:00
PLY0330,João Mário,joao mario,,26,CTY0006,LD,,,,TEA0200,Seguir,,Medio-alto,Dataset inicial,,,,,26,,Jugador precargado como semilla de dataset 2025/26; revisar y completar tras observación propia.,2026-06-02 00:00:00
PLY0331,Alan Varela,alan varela,,24,CTY0009,MCD,,,,TEA0200,Seguir,,Medio-alto,Dataset inicial,,,,,24,centrocampista,Jugador precargado como semilla de dataset 2025/26; revisar y completar tras observación propia.,2026-06-02 00:00:00
PLY0332,Nico González,nico gonzalez,,24,CTY0001,MC,,,,TEA0200,Seguir,,Medio-alto,Dataset inicial,,,,,24,centrocampista,Jugador precargado como semilla de dataset 2025/26; revisar y completar tras observación propia.,2026-06-02 00:00:00
PLY0333,Galeno,galeno,,28,CTY0010,EI,,,,TEA0200,Seguir,,Medio-alto,Dataset inicial,,,,,28,último tercio,Jugador precargado como semilla de dataset 2025/26; revisar y completar tras observación propia.,2026-06-02 00:00:00
PLY0334,Samu Omorodion,samu omorodion,,22,CTY0001,DC,,,,TEA0200,Seguir,,Alto,Dataset inicial,,,,,22,"Sub-23, último tercio",Jugador precargado como semilla de dataset 2025/26; revisar y completar tras observación propia.,2026-06-02 00:00:00
PLY0335,Vladan Kovačević,vladan kovacevic,,28,CTY0050,POR,,,,TEA0201,Seguir,,Medio-alto,Dataset inicial,,,,,28,,Jugador precargado como semilla de dataset 2025/26; revisar y completar tras observación propia.,2026-06-02 00:00:00
PLY0336,Gonçalo Inácio,goncalo inacio,,24,CTY0006,DFC,,,,TEA0201,Seguir,,Medio-alto,Dataset inicial,,,,,24,,Jugador precargado como semilla de dataset 2025/26; revisar y completar tras observación propia.,2026-06-02 00:00:00
PLY0337,Ousmane Diomande,ousmane diomande,,22,CTY0020,DFC,,,,TEA0201,Seguir,,Alto,Dataset inicial,,,,,22,Sub-23,Jugador precargado como semilla de dataset 2025/26; revisar y completar tras observación propia.,2026-06-02 00:00:00
PLY0338,Morten Hjulmand,morten hjulmand,,27,CTY0016,MCD,,,,TEA0201,Seguir,,Medio-alto,Dataset inicial,,,,,27,centrocampista,Jugador precargado como semilla de dataset 2025/26; revisar y completar tras observación propia.,2026-06-02 00:00:00
PLY0339,Pedro Gonçalves,pedro goncalves,,28,CTY0006,MP,,,,TEA0201,Seguir,,Medio-alto,Dataset inicial,,,,,28,centrocampista,Jugador precargado como semilla de dataset 2025/26; revisar y completar tras observación propia.,2026-06-02 00:00:00
PLY0340,Francisco Trincão,francisco trincao,,26,CTY0006,ED,,,,TEA0201,Seguir,,Medio-alto,Dataset inicial,,,,,26,último tercio,Jugador precargado como semilla de dataset 2025/26; revisar y completar tras observación propia.,2026-06-02 00:00:00
PLY0341,Geovany Quenda,geovany quenda,,19,CTY0006,ED,,,,TEA0201,Seguir,,Alto,Dataset inicial,,,,,19,"Sub-23, último tercio",Jugador precargado como semilla de dataset 2025/26; revisar y completar tras observación propia.,2026-06-02 00:00:00
